Algorithm,Budget,Recovery_Percentage
PARWIS_Original,100,6.000000000000001
PARWIS_Original,200,7.500000000000001
PARWIS_Original,300,7.500000000000001
PARWIS_Original,400,7.500000000000001
PARWIS_Original,500,7.500000000000001
PARWIS_TopK,100,6.5
PARWIS_TopK,200,7.500000000000001
PARWIS_TopK,300,7.500000000000001
PARWIS_TopK,400,7.500000000000001
PARWIS_TopK,500,7.500000000000001
