Budget,Recovery_Counts,RC_std,Reported_Rank_of_True_Winner(PF),PF_std,True_Rank_of_Reported_Winner(CT),CT_std,Experiment
100,0.4,0.48989794855663565,58.635000000000005,7.5388427493879995,41.980000000000004,3.8622661741521647,synthetic_N_100_
200,0.3,0.45825756949558394,44.03000000000001,4.476226089017398,35.035000000000004,5.809391104065898,synthetic_N_100_
300,0.5,0.6708203932499369,42.660000000000004,3.786145797509652,32.765,2.3134444017525033,synthetic_N_100_
400,0.4,0.66332495807108,40.635000000000005,4.607333827714247,33.080000000000005,2.550901801324387,synthetic_N_100_
500,0.5,0.6708203932499369,39.63,4.800062499593104,31.619999999999997,2.2463525992150024,synthetic_N_100_
